loss,poison loss,clean loss,acc,poison acc,clean acc,xloss,uloss,lambda_u
8.438069243180124,8.525831858317057,8.437856172260485,0.5993871249650654,0.0555555562178293,0.6007567448051352,,,
8.438069243180124,8.525831858317057,8.437856172260485,0.5993871249650654,0.0555555562178293,0.6007567448051352,,,
7.992572357780055,8.504538027445475,7.991050920988384,0.7638364308758786,0.0833333333333333,0.7657851953255502,,,
6.415031684072394,8.591443628072739,6.408730908444054,0.7527247071266174,0.09375,0.7547789780717147,,,
4.263248154991551,9.090084075927734,4.247832637084158,0.7669446907545391,0.0666666666666666,0.7692278372614008,,,
3.118598699569702,9.229801691495457,3.100208219728972,0.7689835491933321,0.0384615384615384,0.7711830703835738,,,
2.6413164891694723,9.576132595539091,2.621361782676295,0.7796865262483296,0.03125,0.781823522166202,,,
2.3644060712111625,9.59552001953125,2.342356832403885,0.8102340196308336,0.0588235294117647,0.8125640875414798,,,
2.167748633183931,9.63020498411996,2.145466553537469,0.8211425887910944,0.0357142857142857,0.8234734096025166,,,
2.039279642858004,9.449498391151428,2.0171925770609,0.8233772861330133,0.0666666666666666,0.8256573457466928,,,
1.9467200103559,9.47210119565328,1.9241333258779425,0.8283334374427795,0.0666666666666666,0.8306314066836709,,,
1.9090832471847528,9.536744307726622,1.883756342687105,0.8278243322121469,0.0625,0.8303905568624798,,,
1.8744592666625977,10.100595277898451,1.8495347499847408,0.8276041150093079,0.0147058823529411,0.830069435270209,,,
1.8381036582746004,9.66454796931323,1.8132367510544627,0.8312239176348636,0.0588235294117647,0.8336933255195618,,,
1.8105419874191284,10.127104062300464,1.7869569878829152,0.8325748914166501,0.0384615384615384,0.8348512053489685,,,
1.803373882645055,9.647081278264524,1.7798832153019153,0.8304726512808549,0.0625,0.8327722078875491,,,
1.796558191901759,9.672774329781532,1.7723361441963597,0.8299464834363837,0.0588235294117647,0.8323132740823846,,,
1.7692647921411615,9.75027012079954,1.745520045882777,0.8346994801571495,0.0625,0.8370082566612645,,,
1.7531851718300266,9.96674633026123,1.7292306799637644,0.8342907334628858,0.0384615384615384,0.8366036164133173,,,
1.7523392815338938,9.988076993397303,1.7284463706769442,0.8347092302222001,0.0357142857142857,0.8370106973146137,,,
8.438069243180124,8.525831858317057,8.437856172260485,0.5993871249650654,0.0555555562178293,0.6007567448051352,,,
7.992572357780055,8.504538027445475,7.991050920988384,0.7638364308758786,0.0833333333333333,0.7657851953255502,,,
6.415031684072394,8.591443628072739,6.408730908444054,0.7527247071266174,0.09375,0.7547789780717147,,,
4.263248154991551,9.090084075927734,4.247832637084158,0.7669446907545391,0.0666666666666666,0.7692278372614008,,,
3.118598699569702,9.229801691495457,3.100208219728972,0.7689835491933321,0.0384615384615384,0.7711830703835738,,,
2.6413164891694723,9.576132595539091,2.621361782676295,0.7796865262483296,0.03125,0.781823522166202,,,
2.3644060712111625,9.59552001953125,2.342356832403885,0.8102340196308336,0.0588235294117647,0.8125640875414798,,,
2.167748633183931,9.63020498411996,2.145466553537469,0.8211425887910944,0.0357142857142857,0.8234734096025166,,,
2.039279642858004,9.449498391151428,2.0171925770609,0.8233772861330133,0.0666666666666666,0.8256573457466928,,,
1.9467200103559,9.47210119565328,1.9241333258779425,0.8283334374427795,0.0666666666666666,0.8306314066836709,,,
1.9090832471847528,9.536744307726622,1.883756342687105,0.8278243322121469,0.0625,0.8303905568624798,,,
1.8744592666625977,10.100595277898451,1.8495347499847408,0.8276041150093079,0.0147058823529411,0.830069435270209,,,
1.8381036582746004,9.66454796931323,1.8132367510544627,0.8312239176348636,0.0588235294117647,0.8336933255195618,,,
1.8105419874191284,10.127104062300464,1.7869569878829152,0.8325748914166501,0.0384615384615384,0.8348512053489685,,,
1.803373882645055,9.647081278264524,1.7798832153019153,0.8304726512808549,0.0625,0.8327722078875491,,,
1.796558191901759,9.672774329781532,1.7723361441963597,0.8299464834363837,0.0588235294117647,0.8323132740823846,,,
1.7692647921411615,9.75027012079954,1.745520045882777,0.8346994801571495,0.0625,0.8370082566612645,,,
1.7531851718300266,9.96674633026123,1.7292306799637644,0.8342907334628858,0.0384615384615384,0.8366036164133173,,,
1.7523392815338938,9.988076993397303,1.7284463706769442,0.8347092302222001,0.0357142857142857,0.8370106973146137,,,
1.7285538660852533,9.7372028529644,1.7028391047527915,0.835935470304991,0.0588235294117647,0.8384242308767218,,,
0.8724177479962236,,,,,,0.8522186370519194,0.0124904912306647,1.6183825041118425
0.74909526870033,,,,,,0.7296285575903312,0.011470054035044,1.6973298725328947
0.7194242567566107,,,,,,0.7007569741290354,0.0105118226256308,1.7762772409539471
0.6924385273759981,,,,,,0.6745801654287789,0.0096264767680054,1.855224609375
0.6817756528789687,,,,,,0.664475130422943,0.0089495002783053,1.9341719777960529
0.6781483472641412,,,,,,0.6608981000808853,0.0085683125531375,2.0131193462171053
0.6678441377434865,,,,,,0.651219958929687,0.0079468181747586,2.092066714638158
0.6305361625172736,,,,,,0.6148645277216929,0.0072209597615966,2.1710140830592106
0.6451979541343462,,,,,,0.6288569134067075,0.0072637546313245,2.249961451480264
0.6223740799568986,,,,,,0.6068191064550774,0.00667839641347,2.3289088199013155
0.627012451790506,,,,,,0.6111900905862058,0.0065712315166948,2.4078561883223686
0.6296473013226205,,,,,,0.6138343525335586,0.006360703401576,2.486803556743421
0.6142697991363093,,,,,,0.5982987285228774,0.006223476695581,2.565750925164474
0.611362418970657,,,,,,0.5952173454911645,0.0061046022695769,2.644698293585526
0.6007026477827822,,,,,,0.5849734265375446,0.0057754227237474,2.723645662006579
0.6093347365322188,,,,,,0.5932261153348009,0.005748126578446,2.802593030427632
0.5859304243413135,,,,,,0.570407124893336,0.0053882014456902,2.881540398848684
0.6035869610786904,,,,,,0.5872701584003153,0.0055111765549398,2.960487767269737
0.6016608701984296,,,,,,0.5848617294650467,0.0055288860958171,3.03943513569079
0.5941900572506711,,,,,,0.5780629963046522,0.0051735399892685,3.118382504111842
0.5854050036668923,,,,,,0.5692911417891082,0.0050398605464749,3.1973298725328947
0.5763988103963129,,,,,,0.5603242548318121,0.0049059542781915,3.276277240953948
0.5943644919379949,,,,,,0.5775298778544311,0.0050171526121403,3.355224609375
0.5805751451080141,,,,,,0.5641534664791834,0.0047828292522869,3.4341719777960527
0.5796109873294881,,,,,,0.5631430963212551,0.0046882007159076,3.5131193462171053
0.5774565378378611,,,,,,0.5607992377717892,0.0046364970732728,3.5920667146381584
0.5776444461880601,,,,,,0.5610679991241341,0.0045141750547088,3.67101408305921
0.572643758160666,,,,,,0.555864401575036,0.0044754741515493,3.749961451480264
0.5540907971062552,,,,,,0.5381200904821526,0.004170809796431,3.828908819901316
0.5731668080484269,,,,,,0.556204985504337,0.004340693139003,3.9078561883223686
0.5575063016849526,,,,,,0.541251173945966,0.0040778899018416,3.986803556743421
0.5726343767464641,,,,,,0.5554509995058652,0.0042268920101431,4.0657509251644735
0.5611585649980952,,,,,,0.5441299640374382,0.0041090513002197,4.144698293585527
0.5587540018541404,,,,,,0.5420747023581498,0.0039480253600014,4.223645662006579
0.5566114382445448,,,,,,0.5399082569383609,0.0038818079735953,4.302593030427631
0.566194287172948,,,,,,0.5486435701100163,0.0040056554618796,4.381540398848684
0.5533753209915631,,,,,,0.5366650522164491,0.0037462916910762,4.460487767269737
0.5549878684596479,,,,,,0.5376243752484697,0.0038244780028762,4.539435135690789
0.5577460962094847,,,,,,0.5404929961487142,0.003736092997987,4.618382504111842
0.5650670013692434,,,,,,0.5472740489171883,0.0037881403606805,4.697329872532895
0.5622747075417465,,,,,,0.5445122919918504,0.0037188487678676,4.776277240953947
0.54771945431321,,,,,,0.5306265602648637,0.0035203293892331,4.855224609375
0.5502033423604189,,,,,,0.5328710205453717,0.0035125289460387,4.934171977796052
0.5425554134471895,,,,,,0.5257688383603636,0.0033480579732758,5.013119346217104
0.5546817945037219,,,,,,0.5370891106945237,0.0034551148181893,5.0920667146381575
0.5505769777300884,,,,,,0.5328719529288719,0.0034239131363795,5.171014083059211
0.5442715848025728,,,,,,0.526805009144482,0.0033268859350075,5.249961451480264
0.5458193311542345,,,,,,0.5279095786786456,0.0033606388586711,5.328908819901316
0.5620502924930406,,,,,,0.543688641542758,0.0033959635375868,5.407856188322369
0.5375109124788651,,,,,,0.52025281727947,0.0031453223401243,5.486803556743421
0.5520959285604476,,,,,,0.5341081093029061,0.0032320974832984,5.565750925164473
0.5407859415759049,,,,,,0.5229559346735186,0.0031593054516259,5.644698293585527
0.5560274114595813,,,,,,0.5376313417773417,0.0032139615877624,5.723645662006579
0.534415589982018,,,,,,0.5171174922415958,0.0029814530667087,5.802593030427632
0.545740790866148,,,,,,0.5277496405192323,0.0030590644567372,5.881540398848685
0.5412321563098885,,,,,,0.5232228485881478,0.0030215266381965,5.960487767269737
0.5360631812841348,,,,,,0.5181741582687209,0.0029621257207979,6.039435135690789
0.5463839934773205,,,,,,0.5276979342588675,0.0030541719101804,6.118382504111842
0.5435283413389698,,,,,,0.525042026477422,0.0029827768267667,6.197329872532895
0.5347632475622959,,,,,,0.5169851158207166,0.0028325616532915,6.276277240953948
0.5403106150552048,,,,,,0.5217961482212559,0.0029134075863375,6.355224609375
0.530165108240908,,,,,,0.5123660371018559,0.0027662513284902,6.434171977796052
0.5308577610430802,,,,,,0.5128627776284702,0.0027629731116318,6.513119346217105
0.5283667209409941,,,,,,0.5103484825585838,0.0027331822323604,6.5920667146381575
0.5298757735490653,,,,,,0.511779719844526,0.0027125184114638,6.671014083059212
0.5401006062566012,,,,,,0.5212764682078159,0.0027885847261042,6.749961451480263
0.5377277249012877,,,,,,0.5192775801272091,0.0027016237468391,6.828908819901316
0.5198973233636934,,,,,,0.5021159234802326,0.0025735114644964,6.907856188322368
0.5259744213090016,,,,,,0.5080085789450095,0.0025714220904338,6.986803556743421
0.5288299518297208,,,,,,0.5104544810869811,0.0026005210027384,7.0657509251644735
0.5216953970175382,,,,,,0.5037604087619911,0.0025104104232109,7.144698293585527
0.5233276293838571,,,,,,0.5051691991966436,0.0025140029278922,7.22364566200658
0.5217977715765301,,,,,,0.5038553830740966,0.002457139216851,7.302593030427632
0.5295197612035736,,,,,,0.5106192024290976,0.0025601747351995,7.381540398848684
0.5239413557042099,,,,,,0.5055091359131438,0.002470678773051,7.460487767269737
0.5198629745973449,,,,,,0.5013739841879215,0.0024523984476358,7.539435135690789
0.5239470360997984,,,,,,0.505273611314351,0.0024511617958333,7.618382504111842
0.5202952475292477,,,,,,0.5017445694084017,0.0024102454289547,7.697329872532894
0.5161708758091663,,,,,,0.4977343145533268,0.0023709706672079,7.776277240953948
0.5242501254269882,,,,,,0.50576620397851,0.0023530725789533,7.855224609375
0.5161428339361009,,,,,,0.4980150193441659,0.002284893395676,7.934171977796052
0.512303689975397,,,,,,0.4941096183129048,0.0022704528130059,8.013119346217106
0.5177357485813445,,,,,,0.4991508098764825,0.0022968348577805,8.092066714638158
0.5275961860029383,,,,,,0.5082910400687979,0.0023627065314779,8.17101408305921
0.5106081675817222,,,,,,0.4924031407149414,0.0022066080936935,8.249961451480265
0.5259766394160579,,,,,,0.5066889375789287,0.0023158804166185,8.328908819901315
0.5087953792735789,,,,,,0.4906014441744446,0.0021639705243361,8.407856188322368
0.5144848913128044,,,,,,0.4959225661559685,0.0021872547267469,8.486803556743421
0.5082168477651976,,,,,,0.4898778739557201,0.0021410462911242,8.56575092516447
0.5152664720339999,,,,,,0.4965942753178751,0.0021599154502138,8.644698293585526
0.5164598284832209,,,,,,0.4976054023372853,0.0021613234019597,8.723645662006579
0.5035023481741518,,,,,,0.4857780449319762,0.0020135024839522,8.802593030427632
0.5084395534545365,,,,,,0.4897803277403909,0.0021011273326447,8.881540398848685
0.5143585291939416,,,,,,0.4954028868514797,0.0021153841271748,8.960487767269736
0.5163252444663158,,,,,,0.4974767533967679,0.0020850959116198,9.03943513569079
0.51354083775459,,,,,,0.4945189626569117,0.0020863245419462,9.118382504111842
0.5026730653612503,,,,,,0.4843333318744953,0.0019941582859586,9.197329872532894
0.5125248771778388,,,,,,0.4936847279846006,0.0020309477568958,9.276277240953949
0.5122942311168117,,,,,,0.4932015190188394,0.0020409093160131,9.355224609374998
0.5127937359175121,,,,,,0.4936517065152657,0.0020290378680156,9.434171977796051
0.5156192529771033,,,,,,0.4965257640187701,0.0020071713112292,9.513119346217104
0.5166956932632729,,,,,,0.497348678938124,0.0020173161597214,9.592066714638158
0.5085024211766722,,,,,,0.4897178734795488,0.0019423891610008,9.67101408305921
0.5125409707566178,,,,,,0.4926949146765764,0.0020353518609892,9.749961451480264
0.5104002803345793,,,,,,0.4905028129514903,0.0020245964890852,9.828908819901317
0.5059491947426977,,,,,,0.4868880118860943,0.0019238534489207,9.907856188322368
0.5032951471962406,,,,,,0.4840987772099652,0.0019222088533219,9.98680355674342
0.514983394607043,,,,,,0.4955269658526049,0.0019329556750302,10.065750925164474
0.5141379270603466,,,,,,0.4947150554742165,0.0019147688357303,10.144698293585526
0.5078988054688125,,,,,,0.4888585063431492,0.0018625600440549,10.22364566200658
0.5027204650659769,,,,,,0.4837968570905104,0.001836788780447,10.302593030427632
0.4936522106404482,,,,,,0.4750771864087255,0.0017892226124345,10.381540398848683
0.5082163803442654,,,,,,0.4889892709259129,0.0018381535513249,10.460487767269738
0.5105515372870286,,,,,,0.4910517412508852,0.0018502517538347,10.53943513569079
0.5022035178069473,,,,,,0.4829777761649438,0.0018106384091309,10.618382504111842
0.4964661811127371,,,,,,0.4775771299664484,0.0017658181321469,10.697329872532894
0.5083298471370199,,,,,,0.4890619747720848,0.0017879730421598,10.776277240953949
0.5054068889749033,,,,,,0.4859327379404021,0.0017940381352283,10.855224609375
0.5119882799244806,,,,,,0.4922488149882156,0.0018052587798913,10.934171977796051
0.494250388263481,,,,,,0.4755378437243962,0.0016989906712286,11.013119346217106
0.5105401418318252,,,,,,0.490864812127711,0.0017739686270801,11.09206671463816
0.4911227812349352,,,,,,0.4725355623177165,0.0016638233307912,11.17101408305921
0.5005424634960036,,,,,,0.4815412037155511,0.0016889336115538,11.249961451480264
0.501640011660129,,,,,,0.482593388515852,0.0016811763846957,11.328908819901317
0.501060273539224,,,,,,0.4816496350540546,0.0017015121862661,11.40785618832237
0.4941190127010486,,,,,,0.4754722269799458,0.0016233908803429,11.48680355674342
0.4999895545824984,,,,,,0.4804887060745386,0.0016860766428175,11.565750925164473
0.4910905671686123,,,,,,0.4717914342145377,0.0016573216875397,11.644698293585527
0.4992414797029596,,,,,,0.4801134017307049,0.0016316268461293,11.723645662006575
0.4938768910219551,,,,,,0.474672487747739,0.001627192477168,11.802593030427632
0.4944491788110099,,,,,,0.4751417117254277,0.0016250764914783,11.881540398848683
0.491418147984632,,,,,,0.4723783222439124,0.0015919878925256,11.960487767269738
0.5051981306373818,,,,,,0.4852900416435659,0.0016534887350148,12.03943513569079
0.4960423800803255,,,,,,0.4766781104731308,0.00159798672359,12.118382504111844
0.4988980028074365,,,,,,0.4792749523548991,0.0016088313601823,12.197329872532896
0.5057208824200643,,,,,,0.4859317480518257,0.0016119255204221,12.276277240953943
0.5046795651619504,,,,,,0.4847799099397889,0.0016106481216813,12.355224609375
0.4953258292484861,,,,,,0.4759514586303339,0.0015581240153617,12.434171977796051
0.4923036725926977,,,,,,0.4732469709410907,0.0015229064274182,12.513119346217106
0.4952939845225046,,,,,,0.475880605011298,0.0015416459511129,12.59206671463816
0.4850077596411211,,,,,,0.4661366441910104,0.0014893789707738,12.67101408305921
0.4934508943688342,,,,,,0.4742807971383627,0.0015035826177349,12.749961451480264
0.500538871270237,,,,,,0.4810382572618437,0.0015199955296484,12.828908819901317
0.4913836567698126,,,,,,0.4717301619675709,0.0015226613177622,12.907856188322368
0.4957244369093132,,,,,,0.4760591413842121,0.001514224397615,12.98680355674342
0.4962460748481589,,,,,,0.4766382251259529,0.0015007081757973,13.065750925164473
0.4977396613276141,,,,,,0.4782291773994984,0.0014843169468663,13.144698293585527
0.4811894068020592,,,,,,0.4623493935564511,0.001424698003867,13.22364566200658
0.4986460787022224,,,,,,0.4789136329600296,0.0014833222547125,13.302593030427632
0.4976248652033064,,,,,,0.4779068851617012,0.0014735943394031,13.381540398848689
0.4996479433382319,,,,,,0.479799011843852,0.0014746455834926,13.460487767269738
0.4994753600917647,,,,,,0.4796186842249881,0.0014665785362886,13.53943513569079
0.5004135970129937,,,,,,0.4804701461744116,0.0014643752571763,13.618382504111844
0.4913681822499711,,,,,,0.4717600126109573,0.0014315503937023,13.697329872532894
0.5002066672277579,,,,,,0.4802085059441197,0.0014516042255077,13.776277240953949
0.4942634337662639,,,,,,0.4745872924117975,0.0014200806356011,13.855224609374998
0.4981685487464347,,,,,,0.4782824580495344,0.0014271938514867,13.934171977796051
0.48764840008198,,,,,,0.468406090807548,0.0013731931232938,14.013119346217106
0.4908102246840826,,,,,,0.4713477158697969,0.0013811011915954,14.092066714638158
0.4967031468140703,,,,,,0.4767750701003024,0.0014062495190317,14.17101408305921
0.5021328448224267,,,,,,0.4820034013177974,0.0014125323840148,14.249961451480264
0.4927447337058765,,,,,,0.4730944220800666,0.0013714028177425,14.328908819901317
0.4958580232214444,,,,,,0.4758986870260742,0.0013853668478581,14.407856188322368
0.481286689634544,,,,,,0.4622668897923176,0.0013129804829755,14.48680355674342
0.4858236547754586,,,,,,0.4663949346256686,0.0013338326172616,14.565750925164473
0.4933257875679828,,,,,,0.4735852946139403,0.0013479791611779,14.644698293585526
0.4936472753252019,,,,,,0.4737802796016694,0.0013493375604953,14.72364566200658
0.4789743132923831,,,,,,0.459830559094371,0.001293191596753,14.802593030427634
0.4809208363653852,,,,,,0.4618234899162416,0.0012833044456392,14.881540398848683
0.4889586195354241,,,,,,0.4693951296055729,0.001307674720289,14.960487767269736
8.44532991710462,8.448544803418612,8.445132205360814,0.367959893063495,0.5177753661808214,0.3612805848058901,,,
8.038509168122944,8.150433741117778,8.032682318436471,0.4707360361751757,0.6608212966667978,0.4607504778786709,,,
6.649785769613166,8.103181688409103,6.571245921285529,0.6338802795661124,0.335629186740047,0.649845540523529,,,
4.597218538585462,8.765164425498561,4.3710610992030094,0.7247568651249534,0.0895931303108993,0.7586570162522165,,,
3.4213081911990515,9.088557695087632,3.1261362402062667,0.7328680032177975,0.0615991663775946,0.767934450977727,,,
3.0063412691417493,9.23260101519133,2.68383042435897,0.7369895953881113,0.0569503986717839,0.7722394623254475,,,
2.7882475727482845,9.431038505152651,2.438770896510074,0.7486079899888289,0.0402091692544912,0.7857887650790968,,,
2.6021820369519686,9.577387809753418,2.2336661439192924,0.7773786940072712,0.0145333297550678,0.8176992441478529,,,
2.469417710053293,9.687933520266885,2.091705648522628,0.7832770755416468,0.0096258025028203,0.823751405665749,,,
2.397479308278937,9.792599025525544,2.002351208737022,0.7831572137380901,0.0097728297114372,0.8245284745567724,,,
2.3250646716669987,9.80243572435881,1.9296140545292904,0.7875039012808549,0.0072308565048795,0.8287797350632516,,,
2.273747437878659,9.890391851726331,1.875057458877564,0.7877265591370431,0.0055742806902057,0.8286371482046027,,,
2.2563747042103817,9.92973774357846,1.8524425217979832,0.7894594637971175,0.0041295546842248,0.830785268231442,,,
2.2392563317951404,9.933528398212632,1.837930396983498,0.7893322894447728,0.0100048102046314,0.8298947560159784,,,
2.215714831101267,9.929237215142502,1.8104586538515592,0.7912045591755917,0.0110822578794077,0.8322059606250963,,,
2.1874282109109977,9.930491999575969,1.781814600292005,0.7936667894062243,0.0154007763454788,0.8344380416368183,,,
2.184114506370143,9.990148443924753,1.778801811368842,0.7908031281672026,0.005649149711979,0.8315394144309195,,,
2.174261287639016,10.00240747552169,1.760334008618405,0.7930378255091215,0.0060035710860239,0.8346412370079442,,,
2.15444312597576,10.047259180169355,1.7469562229357267,0.7927464999650654,0.0068567251100351,0.8333902766830042,,,
2.149675005360653,9.999685588635897,1.7286084011981362,0.7961290196368569,0.0107212478393002,0.8382803327158878,,,
0.8678484071388084,,,,,,0.8478925509953115,0.0123384629387146,1.6183825041118425
0.7479212787093275,,,,,,0.7286253216479963,0.0113695623847434,1.6973298725328947
0.7193306421140733,,,,,,0.7008048710558796,0.0104316724273303,1.7762772409539471
0.6934584975069811,,,,,,0.6756319326168523,0.0096090544656703,1.855224609375
0.6830037046183861,,,,,,0.6657647592819558,0.0089176926502716,1.9341719777960529
0.6797392439220857,,,,,,0.6624173785157836,0.0086039214754976,2.0131193462171053
0.6701743410876588,,,,,,0.6533604195692533,0.0080375116946669,2.092066714638158
0.6334140906683388,,,,,,0.6175752782819472,0.0072983563595983,2.1710140830592106
0.6482644519373935,,,,,,0.6318425522758844,0.007299656148092,2.249961451480264
0.6255578335658356,,,,,,0.609888083138685,0.0067273950483794,2.3289088199013155
0.6298612519522067,,,,,,0.6138307488217833,0.0066578788122342,2.4078561883223686
0.6332656002878139,,,,,,0.6172141035740424,0.0064570085522674,2.486803556743421
0.6175282531557968,,,,,,0.6014549012834323,0.006263582874439,2.565750925164474
0.6155521467990184,,,,,,0.5992310556366647,0.0061712133880114,2.644698293585526
0.604645380412876,,,,,,0.5887756491611071,0.0058270161042166,2.723645662006579
0.6127755487214017,,,,,,0.5966048659670378,0.0057703828386124,2.802593030427632
0.5887668742716414,,,,,,0.5730742927999017,0.0054471391063302,2.881540398848684
0.6075743020073787,,,,,,0.5910336081415153,0.0055868259014211,2.960487767269737
0.6050533505122075,,,,,,0.5880780337411124,0.0055870093289236,3.03943513569079
0.5987133519038252,,,,,,0.5823061795672402,0.0052634090737555,3.118382504111842
0.5886847970018607,,,,,,0.5723995092439509,0.0050934822115706,3.1973298725328947
0.5796675979081556,,,,,,0.5634538066506138,0.0049484615667072,3.276277240953948
0.5973334465033986,,,,,,0.5803889465469183,0.0050500024922133,3.355224609375
0.5843645856289186,,,,,,0.5678503402723436,0.0048097369624251,3.4341719777960527
0.5831275329810524,,,,,,0.5664640725540266,0.0047440376623946,3.5131193462171053
0.579856792346618,,,,,,0.5630950183212917,0.0046655739883565,3.5920667146381584
0.5815552605199628,,,,,,0.5647681450327582,0.0045715427846868,3.67101408305921
0.5755580810550782,,,,,,0.558638238263029,0.0045128590705818,3.749961451480264
0.556687706754019,,,,,,0.540547505662289,0.0042151137425765,3.828908819901316
0.5765595971961375,,,,,,0.5595698445404196,0.0043478338115772,3.9078561883223686
0.5607823981590627,,,,,,0.5444762320712471,0.0040906560103408,3.986803556743421
0.5758405455126194,,,,,,0.5586458871243849,0.0042296751963775,4.0657509251644735
0.564660719418498,,,,,,0.5475242299030469,0.0041352278487432,4.144698293585527
0.5619768537203527,,,,,,0.5452240264303327,0.0039653767869829,4.223645662006579
0.5589429389378893,,,,,,0.5420736465916889,0.0039203566498766,4.302593030427631
0.5686928004993206,,,,,,0.5510778977186419,0.0040204491132627,4.381540398848684
0.5561138490229496,,,,,,0.5393150862328184,0.0037661136833282,4.460487767269737
0.5568943425905672,,,,,,0.5395095349954317,0.003829242296411,4.539435135690789
0.5603829181654874,,,,,,0.542924297985337,0.0037805859810648,4.618382504111842
0.5679032353314142,,,,,,0.5499773112787807,0.0038163974095377,4.697329872532895
0.5646820226966156,,,,,,0.5468528010906084,0.0037328035143868,4.776277240953947
0.5505950688689154,,,,,,0.5334927060785049,0.0035223992271813,4.855224609375
0.5532922763568422,,,,,,0.5357976185050575,0.0035454150210618,4.934171977796052
0.5447573909536914,,,,,,0.5278059431284419,0.0033808333767684,5.013119346217104
0.556964479823364,,,,,,0.5392166889641885,0.0034855437912102,5.0920667146381575
0.5532079854519907,,,,,,0.5353125971428199,0.0034607260536438,5.171014083059211
0.5469275773134541,,,,,,0.5292882086687314,0.00335981090568,5.249961451480264
0.5487374330441526,,,,,,0.5307554922815143,0.0033741009847054,5.328908819901316
0.5652225723065385,,,,,,0.5466576731191708,0.0034335885192318,5.407856188322369
0.5386658096595056,,,,,,0.5213725324965708,0.003151743821494,5.486803556743421
0.5535552280698539,,,,,,0.5355140284686968,0.0032417320786679,5.565750925164473
0.5425209054137667,,,,,,0.5245370239631484,0.0031865447951067,5.644698293585527
0.5575885993503107,,,,,,0.5390756874226099,0.0032343954975355,5.723645662006579
0.5362263464803618,,,,,,0.5187903889886911,0.0030051862260354,5.802593030427632
0.5472461792287504,,,,,,0.5291454106436504,0.0030777251896871,5.881540398848685
0.5424186820509931,,,,,,0.5243603931544385,0.0030296668360145,5.960487767269737
0.5379376567298095,,,,,,0.5197071431994118,0.0030186697997973,6.039435135690789
0.5479152561310912,,,,,,0.5292432279288732,0.0030518891067332,6.118382504111842
0.5448794740791527,,,,,,0.5262807118037927,0.0030009568546565,6.197329872532895
0.5366410404244562,,,,,,0.5187302681952133,0.0028536804614298,6.276277240953948
0.5425502976909229,,,,,,0.523987003266484,0.0029210903389738,6.355224609375
0.5315412506733992,,,,,,0.5135906022846939,0.0027897843955244,6.434171977796052
0.5323242234471763,,,,,,0.5141689902548023,0.0027875480933881,6.513119346217105
0.5299056678936722,,,,,,0.5118505060349889,0.0027387857711769,6.5920667146381575
0.531242790151282,,,,,,0.5130185087191421,0.0027317749169593,6.671014083059212
0.5421097948924398,,,,,,0.5232078661993,0.0028000145983035,6.749961451480263
0.539206986307363,,,,,,0.5205527213863661,0.002731505325539,6.828908819901316
0.5215932232144951,,,,,,0.5037230032962725,0.0025863543026993,6.907856188322368
0.527616240563475,,,,,,0.5095818077279546,0.0025812066033765,6.986803556743421
0.530310861056023,,,,,,0.511861944478369,0.0026109077459024,7.0657509251644735
0.522959314509535,,,,,,0.5047903541553751,0.0025431480524908,7.144698293585527
0.5242980403190813,,,,,,0.5059354484910727,0.0025421748646465,7.22364566200658
0.5229436838499169,,,,,,0.5048117972687578,0.0024831295995313,7.302593030427632
0.5307082093386271,,,,,,0.5116077469488118,0.0025872111819456,7.381540398848684
0.5255820597117236,,,,,,0.5068987893073427,0.0025043234641575,7.460487767269737
0.5212506493214732,,,,,,0.5026471970311377,0.0024676048429039,7.539435135690789
0.5249903545563939,,,,,,0.5061598832216987,0.0024717693396894,7.618382504111842
0.5211052566623948,,,,,,0.5025455459199293,0.0024114075809715,7.697329872532894
0.517229693819445,,,,,,0.4985446555265298,0.0024029253118413,7.776277240953948
0.5253819235681476,,,,,,0.5067148366433685,0.0023764216342905,7.855224609375
0.5173429388478326,,,,,,0.499079741319747,0.0023019499250982,7.934171977796052
0.5133408364436036,,,,,,0.4950355428368311,0.0022843311609836,8.013119346217106
0.5201857824777107,,,,,,0.5016280639792967,0.0022934630466253,8.092066714638158
0.5287050902679766,,,,,,0.5093695901359752,0.0023664154951217,8.17101408305921
0.5113876376503868,,,,,,0.4931519646688684,0.0022103617828153,8.249961451480265
0.5268912067181191,,,,,,0.5073685983034011,0.0023440837261556,8.328908819901315
0.5094880360984462,,,,,,0.49130999277304,0.0021619998728026,8.407856188322368
0.5152417041792887,,,,,,0.4966224268480346,0.0021939597643552,8.486803556743421
0.508524738665983,,,,,,0.490153413657481,0.0021448417461729,8.56575092516447
0.5159108081156774,,,,,,0.4971399712426319,0.0021712990727522,8.644698293585526
0.5182405164309785,,,,,,0.4992014698345883,0.0021824703313191,8.723645662006579
0.5043405319347585,,,,,,0.4862519715434246,0.0020549202046049,8.802593030427632
0.5092264899744805,,,,,,0.4904041844142739,0.0021194871453953,8.881540398848685
0.5147276635416347,,,,,,0.4955939139395013,0.0021352645244696,8.960487767269736
0.5169373949674991,,,,,,0.4979486009992797,0.0021005978895141,9.03943513569079
0.5143035616283669,,,,,,0.4951538414766219,0.0021003407115469,9.118382504111842
0.5033139011429739,,,,,,0.4848580367083741,0.0020067367660965,9.197329872532894
0.5144406201106904,,,,,,0.4953596400241622,0.0020568864198459,9.276277240953949
0.5125654188132103,,,,,,0.4932030830486837,0.002069757501832,9.355224609374998
0.5136144094394695,,,,,,0.4945266144204652,0.0020232661231425,9.434171977796051
0.516145293207046,,,,,,0.4968851096896287,0.0020247311350003,9.513119346217104
0.5178356412966423,,,,,,0.498199387035811,0.0020474588105776,9.592066714638158
0.509630077989641,,,,,,0.4904719854839641,0.0019809659791054,9.67101408305921
0.5114134264244967,,,,,,0.492340623551172,0.0019562327600208,9.749961451480264
0.5099949352634212,,,,,,0.4905931452240111,0.0019741071265682,9.828908819901317
0.5051555147497311,,,,,,0.4862830485808445,0.0019048294360917,9.907856188322368
0.5025515927100059,,,,,,0.4834831677967486,0.0019094060035722,9.98680355674342
0.5142959703844099,,,,,,0.4948899743881156,0.0019279529518467,10.065750925164474
0.5145752623429871,,,,,,0.495067130955249,0.0019231885424686,10.144698293585526
0.5086541705213676,,,,,,0.4893348750847508,0.0018898651524262,10.22364566200658
0.5024570383015998,,,,,,0.483510269305043,0.0018390583618259,10.302593030427632
0.4936746698585921,,,,,,0.4750868427768182,0.0017904499815395,10.381540398848683
0.5085066224087313,,,,,,0.4892014541555909,0.0018456084729108,10.460487767269738
0.5104922786508723,,,,,,0.4908939290066882,0.0018596097476809,10.53943513569079
0.50317337544152,,,,,,0.483659724098743,0.0018377903285412,10.618382504111842
0.4970762641496549,,,,,,0.4781127465801091,0.0017727502916313,10.697329872532894
0.508161823215687,,,,,,0.4888065135901343,0.0017960803795691,10.776277240953949
0.505442529488846,,,,,,0.485901947054117,0.001800156983909,10.855224609375
0.512030592037263,,,,,,0.4922600331947251,0.0018080979783086,10.934171977796051
0.494194052982948,,,,,,0.4755177044812626,0.0016956885394091,11.013119346217106
0.5103197898918097,,,,,,0.4904387372585006,0.0017925119016651,11.09206671463816
0.491295445166088,,,,,,0.4725950781680694,0.001673930656068,11.17101408305921
0.5013068717294118,,,,,,0.4821565461415957,0.0017021784271442,11.249961451480264
0.5019914426848118,,,,,,0.4826695005535839,0.0017054859659788,11.328908819901317
0.5017427014722671,,,,,,0.4818346124316122,0.0017451152877223,11.40785618832237
0.4939172738177149,,,,,,0.4750183525652574,0.0016453373259681,11.48680355674342
0.4992303906878987,,,,,,0.4799340589329404,0.0016684257652695,11.565750925164473
0.4903429741566469,,,,,,0.471501291178356,0.0016179735322124,11.644698293585527
0.498487537917299,,,,,,0.4793806034624595,0.0016298443220199,11.723645662006575
0.4936613273594048,,,,,,0.4745219284359336,0.0016216761751919,11.802593030427632
0.4942661044187844,,,,,,0.4750111444986942,0.001620644759974,11.881540398848683
0.4917869399760093,,,,,,0.4726440872163948,0.0016006089978234,11.960487767269738
0.505171095283913,,,,,,0.4852433463966008,0.0016551225665352,12.03943513569079
0.4964623668383865,,,,,,0.4767593968522305,0.0016259493271767,12.118382504111844
0.4989497940775891,,,,,,0.4792806672148799,0.0016126111000768,12.197329872532896
0.506054414162918,,,,,,0.4861961251235698,0.0016175522454054,12.276277240953943
0.5036373280354383,,,,,,0.483875811841699,0.001599483385935,12.355224609375
0.4951296217054732,,,,,,0.4757317273811168,0.0015600022345785,12.434171977796051
0.4923616606447467,,,,,,0.4731467814758616,0.0015355410694943,12.513119346217106
0.4950414432437355,,,,,,0.4755018838527576,0.0015516680606865,12.59206671463816
0.485226582197356,,,,,,0.4663337371302987,0.0014910634536751,12.67101408305921
0.4934230535850474,,,,,,0.4741134113287444,0.0015145141123547,12.749961451480264
0.5005594937724709,,,,,,0.4808177233612696,0.0015387901478973,12.828908819901317
0.4907995847752318,,,,,,0.4712211435717108,0.0015168273563619,12.907856188322368
0.4958847735338167,,,,,,0.4761900785788384,0.0015164874513002,12.98680355674342
0.4952920235041347,,,,,,0.4757642468312042,0.0014945941432199,13.065750925164473
0.4974387783504426,,,,,,0.4779564202899564,0.0014821623137997,13.144698293585527
0.4813955838080801,,,,,,0.4625934673717893,0.0014218272792286,13.22364566200658
0.4981236065214034,,,,,,0.4783717948248522,0.0014848000223188,13.302593030427632
0.4970970401693648,,,,,,0.477390893309348,0.0014727123193127,13.381540398848689
0.4994584661212684,,,,,,0.4793942693279405,0.0014906677717123,13.460487767269738
0.4990123668158048,,,,,,0.4790213296378169,0.0014765212572944,13.53943513569079
0.4997983903499516,,,,,,0.4798227195669824,0.0014667483010448,13.618382504111844
0.4914319723720837,,,,,,0.4717597820481387,0.0014362168527395,13.697329872532894
0.5004179723332527,,,,,,0.4803431170903423,0.0014571854039915,13.776277240953949
0.4936114152205846,,,,,,0.4740143190920207,0.0014143683901713,13.855224609374998
0.4969346379764374,,,,,,0.4772172862440129,0.001415077900397,13.934171977796051
0.486881026699848,,,,,,0.4674670782683279,0.0013854526960621616,14.013119346217106
